986310101094096896,"Iran Threatens Israel With Revenge for Syria Airstrike That Killed Drone Commander https://t.co/hKaXtAaO0Y","billadams","2018-04-17","Alabama"
986265341742452738,"The Trump administration apparently tried to shame Germany into assisting in Syria airstrike by citing the Holocaus… https://t.co/L4Zc6PRMgI","N Aifa","2018-04-17","Alabama"
988133324811055104,"This newsweek story here. ","♫ Mz. Natalie W. ♫","2018-04-22","Alaska"
987192559880622080,"Past week in politics: Airstrike on Syria, Pompeo in North Korea https://t.co/GENpVSO2zV","Penelope f","2018-04-20","Alaska"
987039557517373440,"BREAKING! RUSSIA TO RETALIATE AGAINST ISRAELI AIRSTRIKES ON SYRIA!\
#airstrike #SyriaCrisis #TrumpRussia… https://t.co/OyKTOaOdh0","Christopher Greene","2018-04-19","Arizona"
986680540261646336,"Iran Threatens Israel With Revenge for Syria Airstrike That Killed Drone Commander https://t.co/OlEaAQeyyn","John Drone","2018-04-18","California"
986403638674259968,"Israeli airstrike in Syria last week targeted Iranian weapons https://t.co/nDJ4TlOghH","Robert Fleming","2018-04-18","California"
990037002220339200,"Syria: Islamic State Leader Abu Bakr Al-Baghdadi Killed In US Airstrike in Raqqa, Says State TV, Islamic World N... https://t.co/OE1RJw5hoz","Truebeliever","2018-04-28","California"
986629836297809920,"@PentagonPresSec @POTUS @SenateDems @Militarydotcom @HouseDemocrats\
Netanyahu Issues Veiled Warning to Iran: Those… https://t.co/pkwc9K5V35","Jenna","2018-04-18","California"
988417324402315264,"British airports, hospitals, and more could be crippled by the #Kremlin in a terrifying #cyberattack retaliation fo… https://t.co/rEhrmaTYD6","Menlo Security","2018-04-23","California"
986494970675769344,"Retweeted Israel Breaking (@IsraelBreaking):\
\
BREAKING: Intelligence officials tell WSJ that the Israeli airstrike… https://t.co/9A369Gjubn","(((Avi Carmi)))","2018-04-18","California"
986367838611947520,"Reportedly, Israeli airstrike on Iranian base last week targeted a newly-arrived \"advanced\" air-defense system.… https://t.co/gkHdSyixZ8","World Citizen","2018-04-17","California"
986785406782914560,"Robert Fisk’s Douma Report Rips Away Excuses for Airstrike on Syria https://t.co/SJ8Jq9G8qm via @PalestineChron","Mark Cappetta","2018-04-19","California"
986757541072785408,"@politicususa And I requested a refund from those missiles that where used in the Syria  airstrike. #wheresmyrefund #gop","JuiceObox","2018-04-19","California"
986295659727736832,"@RussiaInsider The empire's Generals!\
And to think that all their brains put together produced this latest airstrik… https://t.co/6jk4IDKG1A","Elie El Assis","2018-04-17","California"
986338499157610496,"Iran Threatens Israel With Revenge for Syria Airstrike That Killed Drone Commander - Newsweek https://t.co/W8Yv12V355","Israel & Iran","2018-04-17","California"
986742200317825024,"@nycsouthpaw for anyone who hasn’t followed it https://t.co/uYx8obWq8h","hoist by our own dotard","2018-04-18","California"
986249011505123328,"Israel Behind Latest Airstrike in Syria That Killed Iranians: New York Times https://t.co/KSPJjLa0zm","Sharon L. Lavoie","2018-04-17","California"
989238240761733120,"JOE PAPPALARDO:  How a Syria Airstrike Got Help From Space:  A glimpse at the early days of a new ki… https://t.co/F3D8P1Mh1c","Soph","2018-04-25","California"
987205187730276353,"PressTV-Syria gas attack US 'fabrication' to destabilize Mideast https://t.co/cgy2d6n8Wb","SHELL GAME-author","2018-04-20","California"
987205134819082241,"Syria gas attack US 'fabrication' to destabilize Mideast  https://t.co/EW4S589KNj","SHELL GAME-author","2018-04-20","California"
986589808167440385,"Bay area anti-war protesters march &amp; rally against Syria airstrike, 'Stop the US War Machine': https://t.co/bHclU739YJ via @YouTube","ritchhazel","2018-04-18","California"
988487243835854849,"TB2 Drones remain active over Afrin air space - for recon - although are armed, a number of Anka's also seen as wel… https://t.co/nVeyh0L4rc","MENAnalyst","2018-04-23","California"
986192661790035969,"Syria's air defence shoots down nine 'Israeli missiles' after fresh airstrike over Homs\
\
https://t.co/bo3QgiQjeU\
\
Shared from my Google feed","HEMPRASHAD","2018-04-17","California"
986484524300361729,"Following airstrike in #Syria, #Iranian Officials continue to threaten #Israel, saying that Israel “cannot take (su… https://t.co/LBdrQprn4Z","Adam Milstein","2018-04-18","California"
987329416593158146,"Allied airstrike on Syria socked the mullahs inside Iran, too https://t.co/9lF552BKjx","Mike M","2018-04-20","California"
986423316683591682,"#Iran Threatens #Israel With Revenge for #Syria Airstrike. https://t.co/JjhEnCxFiO","THE DAILY LEFT","2018-04-18","California"
989873634469527554,"#ICYMI Bonding &amp; bombing!\
\
Geopolitics’ very own odd couple nauseated the world, and possibly their onlooking wives… https://t.co/KlJEM6lXlm","Currie Dobson No More War","2018-04-27","California"
987734746888310787,"Russia says Israel was behind Syria airstrike https://t.co/B0U6ePY6OT","michael bravo","2018-04-21","California"
988146575804334085,"11/ We all know how much Trump doesn't want to embarrass Daddy Vova, don't we? Truth embarrasses Putin. Truth expos… https://t.co/yeWPizN2Ly","Jay McKenzie","2018-04-22","California"
988722420461715461,"Iraq to target Daesh ringleader's hideout in Syria? https://t.co/wxcxm3gmZB","A. Smith","2018-04-24","California"
986441148230242310,"Bay area anti-war protesters march &amp; rally against Syria airstrike, 'Stop the US War Machine': https://t.co/zxuLiqlWHg via @YouTube","ritchhazel","2018-04-18","California"
988129752979558400,"Russia says Israel was behind Syria airstrike https://t.co/xqAQTVagUz","Erika Boyer","2018-04-22","Colorado"
986470344176349184,"My airstrike against Syria would have been continual.","Gus Ironic Satire™","2018-04-18","Colorado"
989291003717799936,"How a Syria Airstrike Got Help From Space: A glimpse at the early days of a new kind of space war, where 30-somethi… https://t.co/9paXqGLw4A","JT Badenov","2018-04-25","Colorado"
986197002793967616,"\"Trump concluded that [sanctions] were unnecessary because Moscow’s response to the airstrike was mainly bluster, t… https://t.co/OrUNznXjJG","Stewie","2018-04-17","Connecticut"
986607224553226240,"Tucker Carlson REACTS To The Airstrike On Syria 2018 https://t.co/m6if2CKsl2 https://t.co/eGROwgaKUu","shana wilcox","2018-04-18","Delaware"
987474757686788096,"Wait? Run? Views From Below a Syria Airstrike - The New York Times https://t.co/UpXps5QLd9","","2018-04-20","Florida"
988826890751406080,".@CJTFOIR just unclassified &amp; released new footage of strikes in #Syria. #WATCH video #2 of an #AirStrike April 17… https://t.co/ulSW2IOJYQ","Jodi Mohrmann","2018-04-24","Florida"
986180001300189184,"'EXPLOSION' at ISRAELI held area of Golan Heights near Syria border after AIRSTRIKE https://t.co/u6EKFf3kV0","Flavio Antonino","2018-04-17","Florida"
986183729554042880,"El coronel si tiene quien le escriba : Syria AIRSTRIKE – Military responds to 'ISRAELI AT...… https://t.co/G2t34GmT0E","Octavio Perez","2018-04-17","Florida"
988825360929378304,".@CJTFOIR just unclassified &amp; released new footage of strikes in #Syria. #WATCH video #1 of coalition military forc… https://t.co/7g6rmkBK7f","Jodi Mohrmann","2018-04-24","Florida"
989262876190892032,"Satellites Serving As A Force Multiplier In Syria Conflict\
https://t.co/Z1nWVYxE29","Jay Wittner","2018-04-25","Florida"
986138823364108288,"Russia says Israel was behind Syria airstrike https://t.co/xS7dyoJSQm","Sue Hayes","2018-04-17","Florida"
986252165047050241,"Was airstrike in Syria a diversion to help Russia &amp; Assad clean out ISIS and the rebels? https://t.co/CPCuTGmGbC","Bernie","2018-04-17","Florida"
986260348910145538,"Iran Threatens Israel With Revenge for Syria Airstrike That Killed Drone Commander - Newsweek-Keep FN with Israel a… https://t.co/yV0PkCn5NA","","2018-04-17","Florida"
989286789251772418,"https://t.co/ZCcuNAEN75\
This New York Times article argues the recent missile strikes on Syria didn't deter Assad n… https://t.co/t133i3ovzg","The Syrian Discussion","2018-04-25","Florida"
986375883094183936,"UK's May rejects criticism over Syria airstrike decision https://t.co/N5AWVb3Fth","WGAUradio","2018-04-17","Georgia"
986296720911994880,"1. https://t.co/f4WAoBXm5h how could this be? he we were tying to cripple assad why has he recovered so quickly? it… https://t.co/5rAOKY89RY","h","2018-04-17","Georgia"
988827253252481024,"Coalition #airstrike destroys #Daesh headquarters near Abu Kamal, #Syria on April 17 ... https://t.co/SDmCdR9VNT https://t.co/ZTgvTcYUu7","DVIDSHub","2018-04-24","Georgia"
986159062449455104,"@realDonaldTrump @IsraeliPM #Bibi #FULLSTOP ON YOUR OWN! Syria AIRSTRIKE – Military responds to 'ISRAELI ATTACK' in… https://t.co/LBzc9dzNWi","Trmpwin","2018-04-17","Hawaii"
986292763363815425,"\"UK's May Rejects Criticism Over Syria Airstrike Decision\" by THE ASSOCIATED PRESS via NYT https://t.co/17MmFuoeCr","Valerie Harrison","2018-04-17","Idaho"
989981578641145856,"How much more can we take as he uses the power of the office to fill his pockets??\
Trump Caught Making Money Off Co… https://t.co/rjBbLVBTUl","Amici Journal","2018-04-27","Illinois"
987743336432730112,"German Parliament Lawyers Brand US-Led Airstrike On Syria Illegal\
https://t.co/npODRLnCsg https://t.co/WtniamHgY5","Massah D","2018-04-21","Illinois"
987051393067319296,"Trump's U.S.-led airstrike on Syria won't stop Assad's chemical capabilities, experts say\
https://t.co/orxjLXYElR https://t.co/KFsOzX8DAh","Massah D","2018-04-19","Illinois"
989983812288483328,"Trump Caught Making Money Off Company Used In Syria Airstrike; Stock Prices Skyrocket\
President Donald Trump promis… https://t.co/Eq4eOMXhC7","Amici Journal","2018-04-27","Illinois"
988391942999494656,"@jonsherred @tlccourville @NPR Are you drunk? Like Hillary Clinton gives a shit about Syria today well she’s hangin… https://t.co/va6eJlqNKJ","Potentium Podcast","2018-04-23","Illinois"
989985402403676160,"FYI #Enough\
Trump Making Money Off Company Used In Syria Airstrike; Stock Prices Skyrocket Trump promised to hand t… https://t.co/J8CuRsheoF","Amici Journal","2018-04-27","Illinois"
986200031916150785,"False alarm, not outside attack, sets off Syria air defenses https://t.co/XSpAPtuKrz","newsperplexed","2018-04-17","Illinois"
986357385336885249,"Iran Threatens Israel With Revenge for Syria Airstrike That Killed Drone Commander https://t.co/NVgvtcbDTb","K Lewis","2018-04-17","Illinois"
988565194866601985,"Haaretz: Iraq Claims Airstrike On Syria Killed 36 ISIS Militants\
\
An Iraqi airstrike in Syria on April 19 has kille… https://t.co/67tqgcZitN","BetsyAnn","2018-04-23","Illinois"
988466278909132801,"USA settles gymnastics lawsuit, Russia defends US in case of Syria airstrike&amp; more. Here's your weekly news briefs.… https://t.co/8aoIwusy8s","The DePaulia","2018-04-23","Illinois"
989316421086797825,"Wait? Run? Views From Below a #Syria Airstrike  https://t.co/BuehoaqF90","Naeem","2018-04-26","Illinois"
986950542420271105,"In the latest #airstrikes on #Syria, much of the international attention is fixed on national players.\
\
However, th… https://t.co/hH2cigOwV2","Mission Network News","2018-04-19","Illinois"
987331331435659264,"Allied airstrike on Syria socked the mullahs inside Iran, too https://t.co/s3VRkf1sia","Norman Firebaugh","2018-04-20","Kansas"
987678547211845632,"German Parliament Lawyers Brand US-Led Airstrike on Syria Illegal - https://t.co/VZmpF5AeOY","InvestmentWatch","2018-04-21","Kansas"
986354621734989824,"Trump gave approval for new #Russia #sanctions as part of Syria airstrike plan. Three administration officials say… https://t.co/h97tXV1Ucz","Julia Davis","2018-04-17","Kansas"
986299475114143744,"Iran Threatens Israel With Revenge for Syria Airstrike That Killed Drone Commander https://t.co/4wpfaGLeDV","Red Pill Black Man","2018-04-17","Kansas"
986299839502692352,"Iran Threatens Israel With Revenge for Syria Airstrike That Killed Drone Commander https://t.co/cuCIEn1Psu via @yahoo","Celtic Crab","2018-04-17","Kansas"
986479483883573248,"ABC News: UK's May rejects criticism over Syria airstrike decision. More #news - https://t.co/ynN6Eq1vIL","1stHeadlines","2018-04-18","Kansas"
987315196107640832,"Allied airstrike on Syria socked the mullahs inside Iran, too https://t.co/iwehrqzuCG via @AmericanThinker @realDonaldTrump","Susan Lempke","2018-04-20","Kansas"
986886926711091200,"(Russian Channel Warns Ready For World War 3 | US Airstrike On Syria Hindi/Urdu || Syria Latest News) -… https://t.co/nS6e6K1P9P","Top Global News","2018-04-19","Kansas"
987050341597409280,"","political HEDGE","2018-04-19","Kansas"
986868155795599360,"How the latest airstrike in Syria affects Syrian refugees https://t.co/cM2S1098hb","KiteSurfer Life","2018-04-19","Kansas"
986367077383630848,"Were Trump's recent air strikes in Syria legitimate? Were they legal? Check out my analysis in the article below.… https://t.co/5QWmtZRzOc","Jake Goldberg","2018-04-17","Kansas"
987269976078905344,"","political HEDGE","2018-04-20","Kansas"
986181701297729536,"Syrian Independence Day Facts: Syria Celebrates Freedom From France Days After Airstrike - Newsweek https://t.co/EkvRCgau5z","","2018-04-17","Kansas"
986289510244904960,"IRAN THREATENS ISRAEL WITH REVENGE FOR SYRIA AIRSTRIKE THAT KILLED DRONE COMMANDER||World News Radio: https://t.co/CEdGZdUOaL via","World News Radio","2018-04-17","Kansas"
989513171588255744,"Very sensible behavior, at last. #Baghdadi is the enemy of all HUMANITY: \"The involvement of the U.S. and Syria in… https://t.co/Z3yJwyQYk8","Ian Wilkie","2018-04-26","Kansas"
988469280797855744,"#ISIS Backers #Saudi-led airstrike at #Yemen wedding killed at least 20. https://t.co/kawR186q31 Just another day f… https://t.co/l8G9Wan8d5","Kobeissi™","2018-04-23","Kansas"
989981518553583616,"Oh Really https://t.co/qxU9SOyHGC","Amazin","2018-04-27","Kansas"
986137524367167488,"News Analysis: After U.S. Strikes, Syria Returns to War as Usual https://t.co/NAyQkWg2aO","WORLD NEWS","2018-04-17","Kansas"
986404076148723712,"Trump gave approval for new Russia sanctions as part of Syria airstrike plan https://t.co/Gqm5sdxObA","BlurbBoard","2018-04-18","Kansas"
986125262638198784,"'EXPLOSION' at ISRAELI held area of Golan Heights near Syria border after AIRSTRIKE THE NEWS - GROUP OF WORLD -… https://t.co/EXET2k9k1i","Newsgw","2018-04-17","Kansas"
986960956981886976,"U.S., U.K. And France during Syrian airstrike targeted Syrian Military  Bases NOT “deep state” like some of you kee… https://t.co/YIsoTSHmKr","Tamara (Tam) NoWar","2018-04-19","Kansas"
987049445446500352,"@jseldin Did you let them know not to do an airstrike in Syria?","Dreamland Story","2018-04-19","Kansas"
989958969002147840,"@realDonaldTrump issued another airstrike in Syria this past weekend... How many more innocent civilians have to di… https://t.co/EYv641XxTz","Peace Pledge","2018-04-27","Kansas"
986273101095686144,"Iran Threatens Israel With Revenge for Syria Airstrike That Killed Drone Commander - Newsweek https://t.co/s6jdN7sunk","Brian Hubbs","2018-04-17","Kansas"
986198682876956672,"Latest Airstrike Against Syria Appears to be the Israelis https://t.co/DYlBboQQgP https://t.co/7fsBl8Esf4","Special Operations","2018-04-17","Kansas"
986138261981679616,"NBCNEWS reports Military and Middle East experts say the predawn onslaught appears to have been little more than an… https://t.co/alzNZaGdjq","","2018-04-17","Kansas"
986427878119297024,"That's why all 105 missiles of US, UK and France military hit the targets in #Syria. It lookslike #Israel eliminate… https://t.co/kxKIteZcXA","Viktor Kovalenko","2018-04-18","Kansas"
989138778433445888,"#SMM☛https://t.co/rx24DMATg1 + Russia hints it may provide advanced air defenses to Syria https://t.co/jmlU6Cdv7i","Web Marketing Buzz","2018-04-25","Kansas"
986133697027104768,"Syria AIRSTRIKE – Military responds to 'ISRAELI ATTACK' in Damascus and Homs THE NEWS - GROUP OF WORLD -… https://t.co/MqtEEItKJ0","Newsgw","2018-04-17","Kansas"
986503626855276544,"UK's May rejects criticism over Syria airstrike decision https://t.co/6tfxURLoPk","Twitcher ❦","2018-04-18","Kansas"
989132059481436161,"#SMM☛https://t.co/4S6v7cDCCX + Russia hints it may provide advanced air defenses to Syria https://t.co/uJHVRDKrkC","Web's Eye View","2018-04-25","Kansas"
986502618427125761,"ABCNEWS reports Theresa May rejects opposition calls for law requiring Parliament's approval to commit U.K. forces… https://t.co/DvucDzmrxD","","2018-04-18","Kansas"
986450152419454977,"","political HEDGE","2018-04-18","Kansas"
987131046478123009,"Further questions &amp; comments from @RepThomasMassie re absence of critical evidence justifying Syria airstrike. Did… https://t.co/9f296nXE0m","Kaven Thibault","2018-04-20","Kansas"
987657962570354689,"German Parliament Lawyers Brand US-Led Airstrike on Syria Illegal https://t.co/CSUpHBFI3n","TroubledDays","2018-04-21","Kansas"
987814329729732609,"@Petejohn77 @VanessaBeeley @Icon99558924 @blondenfun1  Under the Obama administration US airstrikes on Hospitals an… https://t.co/HRQ7JoG8Z3","Dreaming of Peace","2018-04-21","Kansas"
986585347332235265,"UK's May rejects criticism over Syria airstrike decision https://t.co/VplyFSwjfh","Nuek ","2018-04-18","Kansas"
986132161773236225,"Another suspected Israel airstrike in Syria\
HeatMap Column 2&gt; \
  #Threat  #StrategicEnvironment  #IsraeliIranianWar… https://t.co/SXZEBxmLbm","FutureDanger Unveil","2018-04-17","Kansas"
986163416682332162,"","political HEDGE","2018-04-17","Kansas"
986264034205929474,"Corbyn HOWLED DOWN after side-stepping Syria airstrike question in HEATED Commons debate THE NEWS - GROUP OF WORLD… https://t.co/XlDlb9BvPl","Newsgw","2018-04-17","Kansas"
986137242346369026,"Cyprus Peace Groups Protest Syria Airstrike at US Embassy https://t.co/EqhNoMmmUP","Nuek ","2018-04-17","Kansas"
986379701642866693,"UK's May Rejects Criticism Over Syria Airstrike Decision - https://t.co/SdFfe9TFWb https://t.co/EuyS4otjkw","Yeshiva World News","2018-04-17","Kansas"
986313945433587717,"Putin slams Syria airstrike but Russia's response is expected to be muted - CNBC https://t.co/oFMOr6O1XF","Freedom","2018-04-17","Kansas"
986464121938833413,"US airstrikes on Syria risk becoming 'historical footnote' without wider strategy - from @CBC : https://t.co/gn38r0Qr8Z","USAF News","2018-04-18","Kansas"
986297992054497286,"'EXPLOSION' at ISRAELI held area of Golan Heights near Syria border after AIRSTRIKE https://t.co/uRMsHWVu4F","Bee Sting","2018-04-17","Kansas"
986469359978733568,"Video shows the first look at the damage on the ground after the US, France and the UK launched coordinated strikes… https://t.co/Pb0MxHXQTi","JW Putney","2018-04-18","Maryland"
988848553555648512,"Opinion: Trump’s airstrike on Syria did not aid the people of Syria, despite his declared “Mission Accomplished.”… https://t.co/lvRWUX0kVF","JHU News-Letter","2018-04-24","Maryland"
986168807885590529,"#BreakingNews Reports of another airstrike overnight in Syria. Syrian state-run media reports the country's air def… https://t.co/tyJb6Vs8kq","Ashley James","2018-04-17","Maryland"
986622917244018688,"\"The strikes were not intended to topple Mr. Assad, damage the Russian and Iranian allies that support his troops,… https://t.co/AJ0WN9Skym","Waqas Mirza","2018-04-18","Massachusetts"
988518964350345216,"Wait? Run? Views From Below a Syria Airstrike - The New York Times https://t.co/rfGLdPqLzs","Keith Florian","2018-04-23","Massachusetts"
987397730862616577,"No, Stormy Daniels wasn't killed in an airstrike in Syria. @AP knocks down that and other stuff that didn't actuall… https://t.co/atVa0eExod","Bill Kole","2018-04-20","Massachusetts"
986396014268399616,"The Wall Street Journal: Israeli airstrike in Syria last week targeted Iranian weapons https://t.co/caDF4co28K https://t.co/1tajSyKu7E","Gennecho Finance","2018-04-18","Michigan"
986153680050294784,"After U.S. Strikes, Syria Returns to War as Usual https://t.co/EcQBloT51T","TrumpApocalypse","2018-04-17","Michigan"
988026146209062912,"Wait? Run? Views From Below a Syria Airstrike https://t.co/9SNgs0fnkY via @nytvideo","janet C","2018-04-22","Michigan"
986696521210089473,"A new neoliberal resistance icon is minted in the the settling dust of the completely ludicrous Syria airstrike https://t.co/JhaktYY2NA","RedBoat","2018-04-18","Michigan"
990167013245976576,"Satellite Images Show Syria Site Before and After Airstrike - #PrescientInfo https://t.co/u0SulFqCCZ","Philip Nettleton","2018-04-28","Minnesota"
988091103730634752,"Satellite Images Show Syria Site Before and After Airstrike - #PrescientInfo https://t.co/u0SulFqCCZ","Philip Nettleton","2018-04-22","Minnesota"
986413770749685760,"The Wall Street Journal: Israeli airstrike in Syria last week targeted Iranian weapons ~https://t.co/56TpQJXD5R","Rick","2018-04-18","Minnesota"
986204755474165760,"Jerry Boykin on Russia's Response to the US Airstrike in Syria https://t.co/MqPIGNwpmv via @YouTube","MSF North America","2018-04-17","Missouri"
987194486332641280,"Is this why the U.S.-led coalition really launched the airstrike on Syria? Fisk rips away excuses for air strike on… https://t.co/8TMmA6EtA5","Underground Express","2018-04-20","Nevada"
987848884008378368,"Isn't It Amazing About All The Fuss Over Trump's Syria's Airstrikes Amounted To Absolutely Nothing Except His Conti… https://t.co/Ld3HHlLtQU","Andro Paul Lucich","2018-04-22","Nevada"
986156340195287040,"Syrians stand defiant following airstrikes from the U.S. and its allies. #UVM Political Science Prof. pehenne speak… https://t.co/PLVNrIH4YL","Gosippy TabLloyd","2018-04-17","Nevada"
988712080994914305,"Iraq plans to launch new strikes inside Syria to eliminate Baghdadi: MP https://t.co/p1JaCYY7E7 https://t.co/gViJM6lrXI","ValuBit News","2018-04-24","Nevada"
988417848845385731,"Daesh second-in-command killed in Iraqi airstrike inside Syria https://t.co/fOsLRjYTfz https://t.co/sSHwVmhN6l","ValuBit News","2018-04-23","Nevada"
987397725544067072,"WATCH: Scared ISIS OBLITERATED by devastating fighter jet STRIKE in Syria  https://t.co/Egc0bHw31C","Watec VIVID","2018-04-20","New Hampshire"
988533178964037632,"Satellite Images Show Surgical Precision of Airstrike on Iranian Military Base in Syria https://t.co/RduUyKGOLa #tcot","#ClearFlynnNow","2018-04-23","New Hampshire"
986564209126330369,"Russian general reveals Donald Trump’s REAL strike targets in Syria https://t.co/fQ07TiA6bC","Watec VIVID","2018-04-18","New Hampshire"
987780895267581952,"Obama: *drops 26000+ bombs on Syria*\
\
Obama: *given Nobel Peace Prize*\
\
Trump: *does 1 airstrike on Syria*\
\
Trump:… https://t.co/gD8vxuM5Bc","Dan McNulty","2018-04-21","New Jersey"
986367205909696512,"#BREAKING: The @WSJ is reporting that last week's airstrike by #Israel on an Iranian base in #Syria was targeted be… https://t.co/K8O83cObf5","Shlomo Schorr","2018-04-17","New Jersey"
987325705255116800,"\"Russia Tells U.N. Envoy U.S.-Led Strikes Hurt Syrian Peace Process: RIA\" by REUTERS via NYT https://t.co/t8rmBM9Bn5","Nyla Sicotte","2018-04-20","New Jersey"
986321018234068992,"\"NOT REAL NEWS: Stormy Daniels Not Dead in Airstrike, Suicide\" by THE ASSOCIATED PRESS via NYT https://t.co/HeMdeYeAKz","Nyla Sicotte","2018-04-17","New Jersey"
989211435715694593,"When the world faces crises, America responds fast. But does our involvement in Syria help or hurt the civilians ga… https://t.co/a54a5mUtpL","SBHS Viking Vibe","2018-04-25","New Jersey"
986293378752155649,"\"UK's May Rejects Criticism Over Syria Airstrike Decision\" by THE ASSOCIATED PRESS via NYT https://t.co/UzJDgUEukR","Nyla Sicotte","2018-04-17","New Jersey"
986262429100322821,"Just a reminder: We launched an airstrike against Syria less than four days ago, which is approximately 103 Trump Years.","(((Jonathan “Yoni” Knoll)))","2018-04-17","New Jersey"
986225583360065536,"Old footage from previous attacks not even in Syria\
https://t.co/uhQRBvGIwj","Cowboy ","2018-04-17","New Mexico"
986476037398761472,"Iran Threatens Israel With Revenge for Syria Airstrike That Killed Drone Commander https://t.co/83wovybCxr via @yahoo","Sharon Gilman","2018-04-18","New Mexico"
986658546816253952,"Yup. Charles Lister: “the most significant Israeli-Iranian military engagement in seven years of the Syrian crisis… https://t.co/ncVI5eaCMx","Edward W. Walker","2018-04-18","New York"
987587153898110976,"News and analysis from Sky News Radio #wenger #arsenal #football #arsenewenger #commonwealth #princecharles… https://t.co/Ugwj1K4wnX","Muhemmed Asfand Yar","2018-04-21","New York"
986941985612115968,"#BREAKING - #Iraqi Air Force conducts airstrike on #ISIS in #Syria. #Iraq stated it will continue airstrikes on… https://t.co/vzGwQCdDSN","SURA","2018-04-19","New York"
986269301534371840,"Iran Threatens Israel With Revenge for Syria Airstrike That Killed Drone Commander https://t.co/Y0fOMjF7vc","Drone Community","2018-04-17","New York"
986315889304883200,"Iran threatens Israel with revenge for Syria airstrike that killed drone commander https://t.co/vu83jDDSql https://t.co/URLDqGKzCW","Newsweek","2018-04-17","New York"
986183758146654208,"The reporter had recently published information about mercenaries from the Yekaterinburg region being among those k… https://t.co/Ut4dVdUT4b","New York Daily News","2018-04-17","New York"
986329845889200128,"⭐ UK's May rejects criticism over Syria airstrike decision ⭐\
Click HERE ➡ https://t.co/XYsQzPOgKm ⬅ https://t.co/GFn4z0CEBj","NEWSworld ","2018-04-17","New York"
986487256709033984,"Theresa May rejects opposition calls for law requiring Parliament's approval to commit U.K. forces to military acti… https://t.co/teKWm16XsL","ABC News","2018-04-18","New York"
986576025046970368,"@jeff_peebles Went wouldn't he y'all the public??? He told the public he was going to airstrike Syria when he shoul… https://t.co/8BBS3GwxEr","Stormy Schenck","2018-04-18","New York"
986276142901596160,"Another: Syria's air defence shoots down nine 'Israeli missiles' after fresh airstrike over Homs https://t.co/CKuuiu2hQs","Armando","2018-04-17","New York"
986361472350654464,"Trump gave approval for new Russia sanctions as part of Syria airstrike plan https://t.co/Mgemycg4nz via @politico… https://t.co/ne9EVJbOyN","Richard","2018-04-17","New York"
986440355481620480,"Theresa May rejects opposition calls for law requiring Parliament's approval to commit U.K. forces to military acti… https://t.co/iNZpbYDETz","World News Tonight","2018-04-18","New York"
986250760932528128,"Iran Threatens Israel With Revenge for Syria Airstrike That Killed Drone Commander | DroneSport - https://t.co/5sJYrRVGxy #drones","DroneSport","2018-04-17","New York"
986606032314085376,"There are no winners in war, but for some, it brings more profit than you would imagine.\
Learn how air strikes on… https://t.co/6UdqnUeFfN","topdigital.agency","2018-04-18","New York"
987369107862573056,"@DamilolaKarpoff @Mr_Lundy_x @RussianEmbassy @mfa_russia @UKSyriaRep This is the reason for #Israel’s most recent o… https://t.co/XR2Te17NvH","(((","2018-04-20","New York"
986234642771726336,"Syrian air defence shoots down 9 'Israeli missiles' in new strike on Homs https://t.co/4CEcakzJmo","Truther Tracy ","2018-04-17","New York"
987830739310989312,"German Parliament law experts brand US-led airstrike on Syria illegal -- https://t.co/6ApqlLbWw5 https://t.co/3KNyylRbrf","Alan Williams","2018-04-21","New York"
986480646943133696,"I added a video to a @YouTube playlist https://t.co/3SHlY7S8f5 Raw Footage Airstrike On Syria Massive Explosions 2018","Ralph II","2018-04-18","New York"
988388475937480704,"Can somebody in the media who explained we were daft to speak against Syria airstrikes because of the risk to innoc… https://t.co/dQOUWSKPdn","Mrs Gee","2018-04-23","New York"
986231468115615744,"America less safe everyday under Trump &amp; GOP. No leadership, no moral authority. World rightfully gives Trump no re… https://t.co/bSvaksyWrh","MillennialFreedomPAC","2018-04-17","New York"
987762777103261696,"\"German Parliament Lawyers Brand US-Led Airstrike on Syria Illegal\"  https://t.co/V839FB22Aq #TCOT #MAGA #PJNET #RedNationRising #NotABot","Joey Brooklyn","2018-04-21","New York"
986384929452843008,"https://t.co/D185oe8b3N Video appears to show airstrike in Syria https://t.co/sTbJ001Wi0 https://t.co/AYgFQyEv0D","NewsEdge","2018-04-17","New York"
987009774012260352,"As the US &amp; Israel airstrike more frequently in Syria to dismantle the ISIS and Iran military facilities. The Kreml… https://t.co/e7TSukGUVd","Najib yazdany","2018-04-19","New York"
987940793489948673,"#US\
Trump walks back Syria airstrike threat after chemical attacks https://t.co/cZ0chZM9Ad","Us News Aggregator","2018-04-22","New York"
988418577257594881,"@nevernotdavid You all are the worst for a while until news breaks that another US airstrike blew up a kid's party in Syria.","John","2018-04-23","New York"
986771364626313217,"\"The U.S.-led airstrike is another of countless bouts of masculine insecurity manifested in foreign policy decision… https://t.co/rUVieRG4Oa","The Ithacan","2018-04-19","New York"
986307243162423297,"Emmanuel Macron said he was the brains behind Trump's airstrike on Syria — and convinced him to commit for the lo... https://t.co/Nrtrjt2Na9","AOL News","2018-04-17","New York"
986149791422959617,"Syria’s Air Defence Shoots Down Nine ‘israeli Missiles’ After Fresh Airstrike Over Homs https://t.co/Q1CP9L8It4 https://t.co/xB6dpgYjF4","The Stars Post","2018-04-17","New York"
986285640630358017,"Iran Threatens Israel With Revenge for Syria Airstrike That Killed Drone Commander https://t.co/77tBl1W65T","BBD - BODIESBYDEREK","2018-04-17","New York"
986480659794448385,"Raw Footage  Airstrike On Syria\
#memes #hoodjokes #hilarious #comedy #hoodhumor #zerochill #jokes #funny... https://t.co/3SHlY7S8f5","Ralph II","2018-04-18","New York"
986355291490062337,"Watch Scott Davies, Dan Fisher and an anonymous special guest as they discuss the Syrian regime and Western interve… https://t.co/6AMhgP3R8o","Conatus News","2018-04-17","New York"
986250614068928513,"Iran Threatens Israel With Revenge for Syria Airstrike That Killed Drone Commander | DroneGames - https://t.co/GNcsNPCQ2E #drones","DroneGames","2018-04-17","New York"
986222679182270465,"From a guy who knows a lot about bluster:  Mr. Trump concluded that they were unnecessary because Moscow’s response… https://t.co/esC40cPzcQ","Joseph Nicholas","2018-04-17","New York"
986255017081491458,"Iran Threatens Israel With Revenge for Syria Airstrike That Killed Drone Commander\
\
https://t.co/Zv9FeZyeEv https://t.co/K7QtEtcLbq","Droolin' Dog","2018-04-17","New York"
986318918850699266,"@DSchatz93 @realDonaldTrump A far better attack that is the very opposite of “damning”.   https://t.co/VMN22stF2D","Surveillance Films","2018-04-17","New York"
986250785561501698,"Iran Threatens Israel With Revenge for Syria Airstrike That Killed Drone Commander | DroneReviews - https://t.co/wcySUEA4NK #drones","DroneReviews","2018-04-17","New York"
986316351529783301,"Iran Threatens Israel With Revenge for Syria Airstrike That Killed Drone Commander https://t.co/hrp6mTCi7K","Pop Pop","2018-04-17","New York"
987733596189413382,"The US-Saudi coalition massacred 20 Yemenis yesterday, launching an airstrike on a vehicle full of civilians in sou… https://t.co/n4hNQzlDtI","Ben Norton","2018-04-21","New York"
986343872006709255,"https://t.co/3InkfWHp5Q Iran Threatens Israel With Revenge for Syria Airstrike That Killed Drone Commander. Israel… https://t.co/vqLNhp9HL9","tatianyc.oeuvre","2018-04-17","New York"
989231814588928000,"@WalkerBragman this is also why ppl are mad bc ppl like this get mad over parkland but don't say shit about us atta… https://t.co/gZ2sx5ovGG","John Smith","2018-04-25","North Carolina"
987455107053817856,"The oil field carnage that Moscow doesn't want to talk about @CNNI https://t.co/XPKJlJItcG","kathryn carroll","2018-04-20","North Carolina"
986501015812878336,"The Wall Street Journal: Israeli airstrike in Syria last week targeted Iranian weapons https://t.co/oSfeHCDJN1 https://t.co/nPLab7PYw0","Richard R Learn","2018-04-18","North Carolina"
986415415109804032,"@AlTrumpTrain @SenateMajLdr @SenThomTillis Yes, you missed it. And because trump said he was turning Syria over.&amp; t… https://t.co/uBJO2p1p5G","Miranda Lowerre","2018-04-18","North Carolina"
987131429632053249,"@loisbeckett We should also talk about the violence the U.S commits abroad such as bombing schools in Syria https://t.co/m899Wvy9LV","John Smith","2018-04-20","North Carolina"
986415457069686785,"@Calton @mollycrabapple Guess this didn't really happen then either and saying it's bad to support Trump on this is… https://t.co/2sANHvETG3","John Smith","2018-04-18","North Carolina"
989161170329358338,"@kthalps @RaniaKhalek What are her thoughts on the U.S bombing schools in Syria and how the violence we commit abro… https://t.co/ie24WS7OQS","John Smith","2018-04-25","North Carolina"
987289854110298114,"Allied airstrike on Syria socked the mullahs inside Iran, too https://t.co/vDUrZHoORX","CSM","2018-04-20","North Carolina"
989505266923294728,"When Assad commits war crimes, we bomb #Syria.\
\
When Saudi Arabia commits war crimes, we turn a blind eye.\
\
Disgrac… https://t.co/UgrdlqalQP","Sid Reddy","2018-04-26","North Carolina"
987283517380837376,"S. Syria: sat image confirm a fire broke out in Radar Base NW. of Suwayda the night of US-UK-France strikes. Malfun… https://t.co/tjGR0KqjeV","Lucifuge Rofocale","2018-04-20","North Dakota"
987082628938350592,"@obretix: Geolocated Iraqi Air Force airstrike in Hajin, Syria      https://t.co/JZ4QQFWbYi","Lucifuge Rofocale","2018-04-19","North Dakota"
987496165678768128,"https://t.co/OUUUfdXAJR - Airstrike On ISIS Building On The Syria/Iraq Border https://t.co/fpibW0voJl","EndGameWW3","2018-04-21","North Dakota"
986263335602663426,"Iran threatens Israel with revenge for Syria airstrike that killed drone commander https://t.co/gc9iGVQwZy","EndGameWW3","2018-04-17","North Dakota"
986301151359401984,"“Russia and Iran have no desire to fight a large war with the United States….no one wins in that situation”\
\
Intern… https://t.co/fN1ITSCGxg","Ben Morse","2018-04-17","Ohio"
986481702854946816,"New report on Syria. https://t.co/wGFuAmN9PD","Larry Lyons","2018-04-18","Ohio"
988278598707630080,"Look for the country to be unified next month or in June. So much accomplished but at a cost with Syria airstrike d… https://t.co/kAoYII7NY9","Britton George","2018-04-23","Ohio"
986635099876806656,"WSJ reports that the Israeli airstrike on the Syrian T4  airfield has destroyed a freshly deployed unit of Russian-… https://t.co/Il2ep0nDBl","Sergei (Sagy) Migdal","2018-04-18","Ohio"
986363011391807488,"Iran Threatens Israel With Revenge for Syria Airstrike That Killed Drone Commander https://t.co/MCMzu0f5e6","Robert White","2018-04-17","Ohio"
986292413907038208,"UK's May rejects criticism over Syria airstrike decision https://t.co/kSqD2Yig3F https://t.co/bk4UBoBka7","NEWS102.3 KRMG ","2018-04-17","Oklahoma"
988825065381941248,"Satellite Images Show Surgical Precision of Airstrike on Iranian Military Base in Syria https://t.co/J6o4Wu4QM7","SW Prophecy Min.","2018-04-24","Oklahoma"
986197642777649152,"Syrian air defence shoots down 9 'Israeli missiles' in new strike on Homs https://t.co/GxPuunVjvg","SW Prophecy Min.","2018-04-17","Oklahoma"
988924316401139713,"On Syria, I generally support the recent airstrike, however unpopular @realDonaldTrump's decision might have been.… https://t.co/rAt7c8KvGN","Ryan Hill","2018-04-24","Oklahoma"
986317651965333507,"Trump’s Russia Defense Lawyers Advised Him On Syrian Airstrike Decision - Great, now taking foreign policy from his… https://t.co/HDBplkhHn9","BBBMFIC","2018-04-17","Oklahoma"
988751048977285120,"ADULT film star Stormy Daniels has been reportedly killed last night in a US led airstrike in Syria, WWN can confir… https://t.co/QccxmJLiQ7","Global Media","2018-04-24","Oregon"
986295118436052992,"'EXPLOSION' at ISRAELI held area of Golan Heights near Syria border after AIRSTRIKE https://t.co/sRmXjG8vJH","Damascus","2018-04-17","Oregon"
986681003732332544,"Britain may be crippled by Russian #cyberattacks on airports and hospitals, claim experts https://t.co/XPqcAe5ax7","GFI Software","2018-04-18","Oregon"
986389325326749696,"Trump gave approval for new Russia sanctions as part of Syria airstrike plan, leaving ambassador out to dry - POLIT… https://t.co/pNkpy2L3k8","Tristis Lacerti","2018-04-17","Oregon"
989693176167444480,"Trump's U.S.-led airstrike on Syria won't stop Assad's chemical capabilities, experts say https://t.co/iiXLORzMar… https://t.co/XBvJeEgUfF","EM Weekly Report","2018-04-27","Oregon"
986657876859998208,"Link: UN accuses Syrian Govt. of war crimes:\
\
https://t.co/VZJ1dMf4y8\
\
Link: Norton/Blumenthal's subtle false flag… https://t.co/rUDY7KPtcn","Røland the headless thompson gunner","2018-04-18","Oregon"
986139075655684096,"\"After U.S. Strikes, Syria Returns to War as Usual\" by BEN HUBBARD via NYT The New York Times https://t.co/QkG7GT7G9g","♎","2018-04-17","Oregon"
990428090479280129,"Satellite #Images Show Syria Site Before and After Airstrike - #PrescientInfo https://t.co/6WrlKIoEEz","Prescieŋt Info","2018-04-29","Oregon"
986400169791860737,"The Wall Street Journal: Israeli airstrike in Syria last week targeted Iranian weapons https://t.co/VpwZPPrDH0","Michael Garza","2018-04-18","Oregon"
986153059427368961,"Syria: Israel bases attacked, explosion heard in Golan Heights | World | News | https://t.co/cHk2zfLn4C https://t.co/lynfdx1o8Y","lisa","2018-04-17","Oregon"
990036238865485825,"#Yarmouk_Camp , #Syria\
Syrian regime air strikes and shelling killed 17 civilians including seven children in the P… https://t.co/2dGwpCFIuQ","Between Two Oceans","2018-04-28","Oregon"
988767096426426375,"Global Geopolitical Series: Will Israel airstrike Syria again? https://t.co/6GdLV83Rtc","Vinson Financials","2018-04-24","Oregon"
986299482009632768,"Iran Threatens Israel With Revenge for Syria Airstrike https://t.co/7HteOqE4v6","Raheel Khan","2018-04-17","Pennsylvania"
986453734657060864,"WHO GOT SCREWED\
What He Did: over the weekend Trump ordered an airstrike on Syria without approval of congress, whi… https://t.co/8uFxFenrGG","The Dump Trump Dump","2018-04-18","Pennsylvania"
988581477494423553,"While the US, UK, &amp; France condemn Syria, they actively support the Saudis in their senseless slaughter in Yemen, y… https://t.co/JklxegpDcV","Pittsburgh DSA","2018-04-24","Pennsylvania"
988516737695076353,"April 23, 2018\
ISRAEL VS IRAN \
\"Satellite Images Show Surgical Precision of Airstrike on Iranian Military Base in S… https://t.co/B7lrW9h0ua","John McTernan","2018-04-23","Pennsylvania"
986475120276529153,"Robert Fisk’s Douma Report Rips Away Excuses for Airstrike on #Syria https://t.co/8TKMUATeb1 via @PalestineChron","Dave Butler","2018-04-18","Pennsylvania"
986293853220229131,"Iran Threatens Israel With Revenge for Syria Airstrike That Killed Drone Commander https://t.co/D3wVbbBh57 via @yahoo","debjgfn","2018-04-17","Pennsylvania"
986353627127218176,"Trump gave approval for new Russia sanctions as part of Syria airstrike plan https://t.co/4veNXCuYXJ https://t.co/onirpg1ndX","POLITICO","2018-04-17","Tennessee"
986393929821163520,"Trump gave approval for new Russia sanctions as part of Syria airstrike plan https://t.co/TDPtO9d12Q https://t.co/dmFGXdipfc","POLITICO","2018-04-18","Tennessee"
987005966691569664,"Iran threatens Israel with revenge for Syria airstrike that killed drone commander https://t.co/84ILHApV86","Joseph Davis","2018-04-19","Tennessee"
986245298862415872,"For any of you knuckle-draggers that say that ppl who do not blindly support the Syria Airstrike are complicit in A… https://t.co/rFpEZQZvV0","The Dirty Infidel ","2018-04-17","Tennessee"
987091394341822464,"Russian Propaganda Pushes Back Against Western Airstrike on Syria’s Chemical Weapons Program https://t.co/Ra4zspgyK9","EDM Jamestown","2018-04-19","Tennessee"
986402018687406080,"Robert Fisk's Douma Report Rips Away Excuses for Airstrike on Syria #palestine #bees https://t.co/46L29ePYpa","Palestine Bee","2018-04-18","Texas"
987139980840628224,"@obretix: Geolocated Iraqi Air Force airstrike in Hajin, Syria https://t.co/mlwQdUFcdd","OccuWorld ❌","2018-04-20","Texas"
986229711163584512,"After #AssClown  @realDonaldTrump Strikes Syria, It Returns to War as Usual   via @NYTimes https://t.co/p71PzeMEPf","Confia Financial","2018-04-17","Texas"
986147913666564096,"Is Another U.S. Airstrike On Syria Imminent: https://t.co/ZAYXXRjSuR via @YouTube","PigmineNews","2018-04-17","Texas"
987845908971884544,"US Syria Airstrike Like Alice in Wonderland, 'First the Verdict, Then the Facts' https://t.co/pT3CKC9HJ7","CPUSA Houston","2018-04-22","Texas"
986270857361330176,"Iran Threatens Israel With Revenge for Syria Airstrike https://t.co/tx5VhzBnES","Dorene ","2018-04-17","Texas"
987092065749209088,"Is this why the U.S.-led coalition really launched the airstrike on Syria? https://t.co/mofTNG7vUl","OccuWorld ❌","2018-04-19","Texas"
986279708189954048,"Don’t worry Israel - fuck em up like Egypt. Iran Threatens Israel With Revenge for Syria Airstrike That Killed Dron… https://t.co/Zqiz12Q3IK","theReverend(Explicit)","2018-04-17","Texas"
987542795295567872,"Pentagon's Airstrike in Syria Resembles Washington's 'Pretext to Vietnam War' https://t.co/wriN29jmM5","CPUSA Houston","2018-04-21","Texas"
986669970888241152,"“Trump blindsides a lot of people.” Hear more of what @MerrillMatthews had to say about Japan trade, TPP, Syria &amp; m… https://t.co/cZ4QYMjtoh","IPI","2018-04-18","Texas"
986417435241795584,"Iran Threatens Israel With Revenge for Syria Airstrike That Killed Drone Commander https://t.co/UY8Vw81bgr","Daniela Collins","2018-04-18","Texas"
989556557821173760,"#Saudi, friends of #USA/#UK and now of #Israel, so this #Yemen #Wedding bombing is unlikely to be condemed. In cont… https://t.co/SWLVUYmnyt","Rick Fandango","2018-04-26","Texas"
990111186539642881,"@statedeptspox @OPCW State department makes claims without evidence not good we have sources that are more accurate… https://t.co/lokhjHuAIX","Trump","2018-04-28","Texas"
986320856929402881,"\"NOT REAL NEWS: Stormy Daniels Not Dead in Airstrike, Suicide\" by THE ASSOCIATED PRESS via NYT https://t.co/32NdxC8grX","Faye Sarazin","2018-04-17","Texas"
987334991490072577,"Two well written articles of why the US is attacking Syria for no apparent reason. \
\
Western version:… https://t.co/oySe7WlG8g","Venkatesh C R","2018-04-20","Texas"
986148049310404609,"Is Another U.S. Airstrike On Syria Imminent https://t.co/FnvChyf1ZH","PigmineNews","2018-04-17","Texas"
988030272162713601,"Robert Fisk’s Douma Report Rips Away Excuses for Airstrike on Syria https://t.co/vSjWlvSe90 https://t.co/7O4frKMsEr","OccuWorld ❌","2018-04-22","Texas"
989979776457805825,"Trump Caught Making Money Off Company Used In Syria Airstrike; Stock Prices Skyrocket https://t.co/wOyJRCN4Ud","Dyann LeRoy","2018-04-27","Texas"
986308149362790401,"Video appears to show airstrike in Syria https://t.co/NyF8H1Yz4q","Cynthia Carter","2018-04-17","Texas"
986419007711596545,"Airstrike or Cyber Attack on Syria? https://t.co/ZscHt5hNfx","OccuWorld ❌","2018-04-18","Texas"
989387010388447233,"Coalition airstrike videos in Syria are back. Geolocated this 17 April 2018 U.S.-led Coalition airstrike on an all.… https://t.co/Lv4QJDh8TJ","OccuWorld ❌","2018-04-26","Texas"
988856254150987777,"I caught up with some airmen in Qatar who helped plan the airstrikes on Syria -- using satellites in tactical ways.… https://t.co/5Q53hOnQCb","Joe Pappalardo","2018-04-24","Texas"
986294299892637697,"\"UK's May Rejects Criticism Over Syria Airstrike Decision\" by THE ASSOCIATED PRESS via NYT https://t.co/061Qyv1ZUf","Faye Sarazin","2018-04-17","Texas"
986399325407338497,"The Wall Street Journal: Israeli airstrike in Syria last week targeted Iranian weapons https://t.co/6GK4JbsbR6","StockBot","2018-04-18","Texas"
986131182579605505,"Diane Abbott defends Syria airstrike tweet despite fake pic furore https://t.co/WPXwK2QCTS https://t.co/hKIT7YsKLY","Cookie","2018-04-17","Texas"
987325086003757058,"\"Russia Tells U.N. Envoy U.S.-Led Strikes Hurt Syrian Peace Process: RIA\" by REUTERS via NYT https://t.co/5PZqxhgolZ","Faye Sarazin","2018-04-20","Texas"
987731321391796227,"Iran threatens Israel with revenge for Syria airstrike that killed drone commander https://t.co/gDJ4MXDEpN","QARMAINE DAMPEER HD¤","2018-04-21","Texas"
986652045968109573,"Matthews Talks TPP, Syria Airstrike &amp; More on CGTN TV https://t.co/hiEg8JwLEp","IPI","2018-04-18","Texas"
988595805282959360,"Satellite Images Show Surgical Precision of Airstrike on Iranian Military Base in Syria https://t.co/gMrnz6801p","Luana H.","2018-04-24","Utah"
988651519435157504,"TEL AVIV – SATELLITE IMAGES FROM A MILITARY OPERATION AGAINST AN IRANIAN MILITARY SITE IN SYRIA EARLIER THIS MONTH… https://t.co/fCcRYGJ6vb","Ƹ̵̡Ӝ̵̨̄Ʒ Momma O / #MAGA ","2018-04-24","Utah"
989217431506702336,"Russia reveals US missiles have been CAPTURED by Putin’s forces https://t.co/cdjzyYZUul","David Martin","2018-04-25","Utah"
989218915627618305,"Satellite Images Show Surgical Precision of Airstrike on Iranian Military Base in Syria https://t.co/Ik2DblTCjJ via… https://t.co/NPPKnKSkkx","Mark","2018-04-25","Utah"
987327487234408448,"Allied airstrike on Syria socked the mullahs inside Iran, too https://t.co/ZDcI6KV0Ht","KuhnKat","2018-04-20","Virginia"
987232213728194560,"S-300 advanced #Russia missiles installed in #Syria following #Trump's airstrike over alleged poison gas use. #USA, king of #DepletedUranium","HowardPaulAnderson","2018-04-20","Virginia"
988416646565031936,"Will the US, France and UK go in and bomb those guilty of this warcrime too? They did it after all in Syria. Oh, it… https://t.co/Qo4PdROUsh","MrRemain is a very stable genius","2018-04-23","Virginia"
988599520169775105,"The situation in #Yemen isn't new and our #drone-wars are often equally indiscriminate. Years of collateral damage,… https://t.co/0hKyWvqU8L","Patrick Mitchell","2018-04-24","Virginia"
986395496263675905,"Trump’s Russia Defense Lawyers Advised Him On Syrian Airstrike Decision - https://t.co/yZe9XbfuRu","Caroline Reznicek","2018-04-18","Virginia"
986181809292668929,"Airstrike against three ISIL buildings, Dec. 21, near Aleppo, Syria https://t.co/LE2Jjystzb via @YouTube","Tatiana Wright","2018-04-17","Virginia"
986211250228154369,"Analysis: Latest Israeli airstrike in Syria likely stopped new Iranian threat https://t.co/bb7MXZwXQc via @JNS_org","KuhnKat","2018-04-17","Virginia"
986691864580341760,"Disciples and UCC leadership oppose airstrike, call for end to violence and suffering in Syria https://t.co/EbcLFy5tjK via @globalmins","Plymouth Church UCC","2018-04-18","Washington"
986651408333029376,"[Weekly Energy Market Watch 4/16/18] #Natgas flatlines, while crude rockets higher on heightened geopolitical risk.… https://t.co/OFhzyEWNIT","ENGIE Insight","2018-04-18","Washington"
986267098329616384,"@_KeefAndres @TcatdaGod Airstrike on Syria this weekend was biggest in almost 35 years. bad comparison by me tho, a… https://t.co/HvtT1GpA0R","Glenn Schwantes","2018-04-17","Washington"
986339063237107717,"UK's May rejects criticism over Syria airstrike decision https://t.co/Y91WuYgJfl","seattlepi","2018-04-17","Washington"
986852013681016832,"The Wall Street Journal: Israeli airstrike in Syria last week targeted Iranian weapons https://t.co/VsstosOvro https://t.co/CJpIcbXYCL","West Virginia Topics","2018-04-19","West Virginia"
986356839246958592,"Trump gave approval for new Russia sanctions as part of Syria airstrike plan https://t.co/BNnPS1A2gl","PeterS","2018-04-17","West Virginia"
986491462555701248,"The Wall Street Journal: Israeli airstrike in Syria last week targeted Iranian weapons https://t.co/uTyFSIJW1y","PeterS","2018-04-18","West Virginia"
986915439518322688,"Syrian state TV reportedly shows missile interception https://t.co/XIU01ZL5V3 https://t.co/NYPHkH7Voy","West Virginia Topics","2018-04-19","West Virginia"
986224903149023232,"Yesterday's report about another attack on #Syria's airbases near #Homs and #Damascus was incorrect. Syrian governm… https://t.co/I8a6EJUYxI","Jeff H","2018-04-17","Wisconsin"
987594673303760896,"#Iraq carries out airstrike against #ISIS inside #Syria\
https://t.co/J0d0Z92Ueo","Arbetarbroder","2018-04-21","Wisconsin"
990128860858671104,"@CattHarmony @MikeDiaz285 GOD JUST SAW THE UK MURDER BABY ALPHIE EVANS YET TRUMP DID NOTHING,WHERE IS OUR AIRSTRIKE… https://t.co/K3JGXPS0Q9","JAZANNE NEWELL","2018-04-28","Wisconsin"
987152957434187777,"#Iraq has launched an airstrike against #ISIS targets in #Syria with permission of the Assad regime. Someone has to… https://t.co/aLhKqv5zoz","Jeff H","2018-04-20","Wisconsin"
988449132825251841,"Satellite Images Show Surgical Precision of Airstrike on Iranian Military Base in Syria https://t.co/5YcQbfNSTj @BreitbartNews #AAG","All American Girl","2018-04-23","Wisconsin"
